{"cameraMode":{"drawMode":0,"name":"Shaded","section":"Shading Mode"},"sceneLighting":true,"audioPlay":false,"sceneViewState":{"m_AlwaysRefresh":false,"showFog":true,"showSkybox":true,"showFlares":true,"showImageEffects":true,"showParticleSystems":true,"showVisualEffectGraphs":true,"m_FxEnabled":true},"in2DMode":false,"pivot":{"x":1.2782752513885499,"y":3.5199999809265138,"z":1.100001335144043},"rotation":{"x":-0.23988564312458039,"y":-0.13865259289741517,"z":0.03463719040155411,"w":-0.9602319598197937},"size":56.47258758544922,"orthographic":false}